id,name,description,who,snomed,program_area_id,uuid,created_at,updated_at
1,"{""en"": ""Meningitis""}","{""en"": ""<div> Neonatal, bacterial, viral and other types of meningitis </div>""}",,,3,e5c401ef-c8d7-451d-89b7-78553379d757,"2020-12-10 22:02:21","2020-12-10 22:02:21"
2,"{""en"": ""Whooping Cough""}","{""en"": ""<div> </div>""}",,,2,77331e34-4590-4a78-a889-084deb3b5682,"2020-12-10 22:04:07","2020-12-10 22:04:07"
3,"{""en"": ""Encephalitis""}","{""en"": ""<div> </div>""}",,,3,a566c370-f975-452c-9451-cc6322ee4e1a,"2020-12-10 22:04:57","2020-12-10 22:04:57"
4,"{""en"": ""Measles""}","{""en"": ""<div> </div>""}",,,2,24fbc8d5-93a5-4168-ab61-b220e8bf9f99,"2020-12-10 22:07:15","2020-12-10 22:07:15"
5,"{""en"": ""Trichomoniasis""}","{""en"": ""<div>Trichomoniasis</div>""}",,,3,7e9e8039-c95f-457a-bb3d-e9a49caf4cfb,"2021-01-08 07:48:50","2021-01-08 07:48:50"
6,"{""en"": ""HIV/AIDS""}","{""en"": ""<div>HIV</div>""}",,,3,a304ce52-f916-4b92-99cb-1643530dc4ec,"2021-01-08 07:56:53","2021-01-08 07:56:53"
7,"{""en"": ""Tuberculosis""}","{""en"": ""<div>Tuberculosis</div>""}",,,3,f970e8a9-8f61-474a-921d-997db9bcc651,"2021-01-08 07:57:17","2021-01-08 08:07:57"
8,"{""en"": ""Syphilis""}","{""en"": ""<div>Syphilis</div>""}",,,3,3262eaf9-9e3f-4219-b640-5a6242ddb085,"2021-01-08 08:08:38","2021-01-08 08:08:38"
9,"{""en"": ""Other STDs""}","{""en"": ""<div>Other Sexually Transmitted Diseases </div>""}",,,3,87672440-cdd1-451e-a1c7-7f4d232e7a78,"2021-01-08 08:08:59","2021-01-08 08:08:59"
10,"{""en"": ""Gonorrhoea""}","{""en"": ""<div>Gonorrhoea</div>""}",,,3,3c518d86-2e39-4535-85a8-8041e3b72246,"2021-01-10 01:36:36","2021-01-10 01:36:39"
11,"{""en"": ""Genital herpes""}","{""en"": ""<div>Genital herpes</div>""}",,,3,42708b2a-2fb1-4a93-85a6-76311a3c315f,"2021-01-10 01:37:23","2021-01-10 01:37:27"
12,"{""en"": ""Chlamydia""}","{""en"": ""<div>Chlamydia</div>""}",,,3,b402b187-658e-4a4b-bbfc-f33179b877a5,"2021-01-10 01:38:04","2021-01-10 01:38:06"
13,"{""en"": ""Trachoma""}","{""en"": ""<div>Trachoma</div>""}",,,4,3592d6e6-87d9-4732-a233-ec41d47a909f,"2021-01-10 01:39:04","2021-01-10 01:39:07"
14,"{""en"": ""Dengue""}","{""en"": ""<div>Dengue</div>""}",,,4,64d6620e-056b-4fff-a18f-fb50bddee6c3,"2021-01-10 01:39:42","2021-01-10 01:39:44"
15,"{""en"": ""Diarrhoeal diseases""}","{""en"": ""<div> </div>""}",,,3,3fe66078-27f1-4574-85ea-f23ee371c3ae,"2021-01-19 11:14:01","2021-01-19 11:14:01"
17,"{""en"": ""Onchocerciasis""}","{""en"": ""<div> </div>""}",,,4,bad72a27-e83e-4d6d-a649-65788f02971f,"2021-01-19 11:14:59","2021-01-19 11:14:59"
18,"{""en"": ""Lymphatic filariasis""}","{""en"": ""<div> </div>""}",,,4,d6f2860f-69f0-4e81-85b3-c4a2d93a8a9d,"2021-01-19 11:15:35","2021-01-19 11:15:35"
19,"{""en"": ""Diphtheria""}","{""en"": ""<div> </div>""}",,,2,11297372-2e97-48ee-8fed-ef848b32cc2d,"2021-01-19 11:16:00","2021-01-19 11:16:00"
20,"{""en"": ""Acute Hepatitis B""}","{""en"": ""<div> </div>""}",,,3,ff2c7085-83db-4312-9b6d-12d95adbcd68,"2021-01-19 11:16:26","2021-01-19 11:16:26"
21,"{""en"": ""Hepatitis A""}","{""en"": ""<div> </div>""}",,,3,f09fff73-3987-440c-8088-9ab09fd12b18,"2021-01-19 11:16:52","2021-01-19 11:16:52"
22,"{""en"": ""Hepatitis E""}","{""en"": ""<div> </div>""}",,,3,03707de6-de97-4c9b-8061-577cf12a3b0a,"2021-01-19 11:17:21","2021-01-19 11:17:21"
23,"{""en"": ""Diabetes mellitus""}","{""en"": ""<div> </div>""}",,,6,998e4bce-a27a-4688-9093-99f934f1d597,"2021-01-19 11:17:52","2021-01-19 11:17:52"
24,"{""en"": ""Rabies""}","{""en"": ""<div> </div>""}",,,4,5b33021b-0a67-4201-b9ee-951765787f88,"2021-01-19 11:22:07","2021-01-19 11:22:07"
25,"{""en"": ""Yellow Fever""}","{""en"": ""<div> </div>""}",,,4,745a6e2f-4fa0-4bf9-a544-5dcaff0b9952,"2021-01-19 11:22:52","2021-01-19 11:22:52"
26,"{""en"": ""Acute Hepatitis C""}","{""en"": ""<div> </div>""}",,,3,6c4a6ca6-ac3d-46b7-a4bf-25b6790afe1d,"2021-01-19 11:23:10","2021-01-19 11:23:10"
27,"{""en"": ""Leprosy""}","{""en"": ""<div> </div>""}",,,4,d1bd338c-9b9f-494c-b0d8-e3f4ed35077e,"2021-01-19 11:23:40","2021-01-19 11:23:40"
28,"{""en"": ""Ascariasis""}","{""en"": ""<div> </div>""}",,,4,9beddee6-300a-43a8-ae61-5abac572943d,"2021-01-19 11:23:54","2021-01-19 11:23:54"
29,"{""en"": ""Tetanus""}","{""en"": ""<div>Tetanus</div>""}",,,2,a9d3ae2f-5154-4c2f-a621-f42c7d343e79,"2021-02-02 07:30:05","2021-02-02 07:30:05"
30,"{""en"": ""Trichuriasis""}","{""en"": ""<div>Trichuriasis</div>""}",,,4,71cda061-104c-4c0a-bb55-6487f74fa0e0,"2021-02-02 07:30:31","2021-02-02 07:30:31"
31,"{""en"": ""Birth asphyxia""}","{""en"": ""<div>Birth asphyxia</div>""}",,,1,b4cdb1ef-fdb6-4d94-b628-60375ee2c2b6,"2021-02-02 07:30:49","2021-02-02 07:30:49"
32,"{""en"": ""Birth trauma""}","{""en"": ""<div>Birth trauma</div>""}",,,1,c6995027-274a-4a36-9e7b-419d4abf2d3e,"2021-02-02 07:31:08","2021-02-02 07:31:08"
33,"{""en"": ""Iodine deficiency""}","{""en"": ""<div>Iodine deficiency</div>""}",,,5,4adc95db-9338-4e5d-a16f-7ea186e73659,"2021-02-02 07:31:33","2021-02-02 07:31:33"
34,"{""en"": ""Maternal conditions""}","{""en"": ""<div>Maternal conditions</div>""}",,,1,f3b94203-d8d5-4e88-88de-9081045da577,"2021-02-02 07:33:27","2021-02-02 07:33:27"
35,"{""en"": ""Neonatal sepsis and infections""}","{""en"": ""<div>Neonatal sepsis and infection</div>""}",,,1,57270b0c-e5d2-4e28-9318-dad261f04ef5,"2021-02-02 07:33:43","2021-02-02 07:33:43"
36,"{""en"": ""Protein-energy malnutrition""}","{""en"": ""<div>Protein energy malnutrition</div>""}",,,5,b02af643-0055-4bba-a8bd-99412706a8a5,"2021-02-02 07:34:31","2021-02-02 07:34:31"
37,"{""en"": ""Preterm birth complications""}","{""en"": ""<div> </div>""}",,,1,252c6d2b-c64f-4aa9-948c-957b9d68a109,"2021-02-02 07:35:01","2021-02-02 07:35:01"
38,"{""en"": ""Vitamin A deficiency""}","{""en"": ""<div> </div>""}",,,5,4a8dfd34-219e-4f81-9c9b-e960feafe040,"2021-02-02 07:35:20","2021-02-02 07:35:20"
39,"{""en"": ""Colon and rectum cancers""}","{""en"": ""<div> </div>""}",,,8,3520dd42-cc7b-4b44-b12c-7594f57debbe,"2021-02-02 07:35:54","2021-02-02 07:35:54"
40,"{""en"": ""Larynx cancer""}","{""en"": ""<div> </div>""}",,,8,60695021-c1d2-41de-99e3-d59a7a60d0d3,"2021-02-02 07:36:17","2021-02-02 07:36:17"
41,"{""en"": ""Leukemia""}","{""en"": ""<div> </div>""}",,,8,0db9fa26-7570-4428-9f6f-68edf84ba54f,"2021-02-02 07:36:58","2021-05-17 01:30:20"
42,"{""en"": ""Liver Cancer""}","{""en"": ""<div> </div>""}",,,8,e3d71ea6-7563-4abf-a990-094f5b899398,"2021-02-02 07:38:12","2021-02-02 07:38:12"
43,"{""en"": ""Trachea, bronchus, lung cancers""}","{""en"": ""<div> </div>""}",,,8,5a5ebf20-5d0d-40d4-9b03-0d8c53016cea,"2021-02-02 07:38:35","2021-02-02 07:38:35"
44,"{""en"": ""Malignant skin melanoma""}","{""en"": ""<div> </div>""}",,,8,50951467-5aeb-47f7-b0fd-5f666e0f0c47,"2021-02-02 07:39:53","2021-02-02 07:39:53"
45,"{""en"": ""Multiple myeloma""}","{""en"": ""<div> </div>""}",,,8,ea0ae439-9ac2-436f-910b-15012d66ec9e,"2021-02-02 07:40:15","2021-02-02 07:40:15"
46,"{""en"": ""Nasopharynx cancer and other pharyngeal cancers""}","{""en"": ""<div> </div>""}",,,8,8ab5f81b-0703-4289-897d-0c8d581f6178,"2021-02-02 07:40:41","2021-02-02 07:40:41"
47,"{""en"": ""Oesophagus cancer""}","{""en"": ""<div> </div>""}",,,8,c25ad7c9-49a7-4906-81e9-1b920a5b5b10,"2021-02-02 07:40:57","2021-02-02 07:40:57"
48,"{""en"": ""Pancreas cancer""}","{""en"": ""<div> </div>""}",,,8,ed368046-dbc3-4c29-b99d-6276ccfc53f0,"2021-02-09 20:26:17","2021-02-09 20:26:17"
49,"{""en"": ""Non-melanoma skin cancer""}","{""en"": ""<div> </div>""}",,,8,2d00be8d-69bb-4364-9ad8-0ec2fd479e94,"2021-02-09 20:26:35","2021-02-09 20:26:35"
50,"{""en"": ""Stomach cancer""}","{""en"": ""<div> </div>""}",,,8,4cc59f0d-09d2-4103-88fa-966ea3e22035,"2021-02-09 20:26:52","2021-02-09 20:26:52"
51,"{""en"": ""Breast cancer""}","{""en"": ""<div> </div>""}",,,8,1b33af18-0d0b-4b45-a95c-536955c16837,"2021-02-09 20:27:08","2021-02-09 20:27:08"
52,"{""en"": ""Cervix uteri cancer""}","{""en"": ""<div> </div>""}",,,8,578da794-0e55-4536-992f-1576da4f2d15,"2021-02-09 20:27:24","2021-02-09 20:27:24"
53,"{""en"": ""Corpus uteri cancer""}","{""en"": ""<div> </div>""}",,,8,cc4e943a-bb86-4f0f-ac05-d86a578ba3e6,"2021-02-09 20:27:38","2021-02-09 20:27:38"
54,"{""en"": ""Malaria""}","{""en"": ""<div> </div>""}",,,4,4899a284-ad70-412c-b380-9fb4b0a3a893,"2021-02-09 20:27:53","2021-02-09 20:27:53"
55,"{""en"": ""African trypanosomiasis""}","{""en"": ""<div> </div>""}",,,4,cb9eb5e3-3c03-4f40-aea3-b036e93979b4,"2021-02-09 20:28:08","2021-02-09 20:28:08"
56,"{""en"": ""Schistosomiasis""}","{""en"": ""<div> </div>""}",,,4,12cf52f5-d37a-4074-a112-ec1154aa8879,"2021-02-09 20:28:25","2021-02-09 20:28:25"
57,"{""en"": ""Echinococcosis""}","{""en"": ""<div> </div>""}",,,4,425cfc40-d837-453e-b589-58a39b76132a,"2021-02-09 20:28:42","2021-02-09 20:28:42"
58,"{""en"": ""Cysticercosis""}","{""en"": ""<div> </div>""}",,,4,db20cae0-98d3-4ae8-9a7a-057c4b5675ed,"2021-02-09 20:28:55","2021-02-09 20:28:55"
59,"{""en"": ""Alzheimer disease and other dementias""}","{""en"": ""Alzheimer disease and other dementias""}",,,7,e59e62c0-67a6-44e7-bf51-6b4c2e8a23a5,"2021-04-12 05:33:08","2021-04-12 05:33:08"
60,"{""en"": ""Asthma""}","{""en"": ""Asthma""}",,,6,2e7584db-6465-42ed-8973-f8db07db501c,"2021-04-12 05:33:31","2021-04-12 05:33:31"
61,"{""en"": ""Attention deficit/hyperactivity syndrome""}","{""en"": ""Attention deficit/hyperactivity syndrome""}",,,2,c2f5cc4d-05e1-44a4-b758-7c21967c82fc,"2021-04-12 05:33:49","2021-04-12 05:33:49"
62,"{""en"": ""Autism and Asperger syndrome""}","{""en"": ""Autism and Asperger syndrome""}",,,7,976e000c-4a47-43ae-9887-b7072a6b2e70,"2021-04-12 05:34:08","2021-04-12 05:34:08"
63,"{""en"": ""Eating disorders""}","{""en"": ""Eating disorders""}",,,7,cd144ace-17a0-4222-b0a0-4589d518ed00,"2021-04-12 05:34:26","2021-04-12 05:34:26"
64,"{""en"": ""Epilepsy""}","{""en"": ""Epilepsy""}",,,7,61f534c9-ad13-49d1-b246-e94fd6ba0b95,"2021-04-12 05:34:38","2021-04-12 05:34:38"
65,"{""en"": ""Migraine""}","{""en"": ""Migraine""}",,,7,f4ed8982-a995-4e4b-80ca-77e5e4fbb6a8,"2021-04-12 05:35:00","2021-04-12 05:35:00"
66,"{""en"": ""Hookworm disease""}","{""en"": ""Hookworm disease""}",,,4,e27f60df-a026-4b49-989c-bc37722410fa,"2021-04-12 05:35:22","2021-04-12 05:35:22"
67,"{""en"": ""Edentulism""}","{""en"": ""Edentulism""}",,,9,b86a23c7-6651-42b4-bf96-dbd5484c5524,"2021-04-12 05:37:16","2021-04-12 05:37:16"
68,"{""en"": ""Periodontal disease""}","{""en"": ""Periodontal disease""}",,,9,a0b3c7b4-5611-43ce-b2bb-1d20752afd23,"2021-04-12 05:37:39","2021-04-12 05:37:39"
69,"{""en"": ""Parkinson disease""}","{""en"": ""Parkinson disease""}",,,7,12fb4a10-d7ba-4d3f-a3fa-15bcd3b98efa,"2021-04-12 05:38:17","2021-04-12 05:38:17"
70,"{""en"": ""Otitis media""}","{""en"": ""Otitis media""}",,,10,68f5c406-1897-4df4-9c87-34c636b681fb,"2021-04-12 05:41:33","2021-04-12 05:41:33"
71,"{""en"": ""Non-migraine headache""}","{""en"": ""Non-migraine headache""}",,,7,601ef915-f92a-4333-895d-5a8089542ffb,"2021-04-12 05:41:55","2021-04-12 05:41:55"
72,"{""en"": ""Conduct disorder""}","{""en"": ""Conduct disorder""}",,,2,f0af451b-6f71-46e1-9530-4d7661c09c33,"2021-04-12 05:42:37","2021-04-12 05:42:37"
73,"{""en"":""Lower respiratory tract infections (LRTI)"",""pt"":null}","{""en"":""Lower respiratory tract infections (LRTI)"",""pt"":null}",,,3,3b4138c0-6b0d-4e55-8fd9-57480d957357,"2021-04-12 05:43:07","2023-02-26 09:24:11"
74,"{""en"": ""COVID-19""}","{""en"": ""COVID-19""}",,,3,7fafb08d-2c5d-4d4e-88e0-d53dc8c34b07,"2021-05-15 11:47:04","2021-05-15 11:47:04"
75,"{""en"": ""Eye Conditions""}","{""en"": ""for example Blindness and vision impairment""}",,,10,0a4b8317-8249-4de0-b810-78b3777c8007,"2021-05-22 07:00:14","2021-05-22 07:00:14"
76,"{""en"": ""Haemorrhagic Stroke""}","{""en"": ""Haemorrhagic Stroke""}",,,6,4e58af35-d955-4171-a4c3-6dce4deb4158,"2021-06-28 18:52:54","2021-06-28 18:52:54"
77,"{""en"": ""Upper Respiratory Tract Infections""}","{""en"": ""Tonsillitis, Pharyngitis, Laryngitis, Sinusitis and  Common Cold""}",,,6,2a1fbe22-7858-4351-b220-d4d48aa2237f,"2021-06-28 18:56:27","2021-06-28 18:56:27"
78,"{""en"": ""Dental Caries""}","{""en"": ""Dental Caries""}",,,9,2ba56aac-aaea-4f7b-b8a9-b26ca5d545df,"2021-06-28 19:00:15","2021-06-28 19:00:15"
79,"{""en"": ""Ischaemic Stroke""}","{""en"": ""Ischaemic Stroke""}",,,6,6a536a45-f6dc-4978-811b-f4e27ced038b,"2021-06-28 19:01:31","2021-06-28 19:01:31"
80,"{""en"": ""Ischaemic (Coronary) Heart Disease""}","{""en"": ""Coronary Heart Disease""}",,,6,bb7fd44c-bc1d-40d7-987e-c19bd7c8ed27,"2021-06-28 19:03:53","2021-06-28 19:03:53"
81,"{""en"": ""Multiple Sclerosis""}","{""en"": ""Multiple Sclerosis""}",,,6,df5dd18d-e58d-4f05-99a8-c95cc754168f,"2021-06-28 19:04:49","2021-06-28 19:04:49"
82,"{""en"": ""Peptic Ulcers""}","{""en"": ""Peptic Ulcers""}",,,6,ce18b6be-4cc6-4c8a-90b2-1241c0c661e0,"2021-06-28 19:05:49","2021-06-28 19:05:49"
83,"{""en"": ""Rheumatic Heart Disease""}","{""en"": ""Rheumatic Heart Disease""}",,,6,86c5e1b8-cb7a-40ee-9190-8fd7359b2f5e,"2021-06-28 19:08:00","2021-06-28 19:08:00"
84,"{""en"": ""Chronic Obstructive Pulmonary Disease""}","{""en"": ""Chronic Obstructive Pulmonary Disease""}",,,6,255f01fc-1dec-44fb-ad96-9765cbf563ff,"2021-06-28 20:37:00","2021-06-28 20:37:00"
85,"{""en"": ""Cardiomyopathy - Myocarditis""}","{""en"": ""Cardiomyopathy - Myocarditis""}",,,6,cb88c161-59fc-436e-819f-0ad4370ec767,"2021-06-28 20:37:53","2021-06-28 20:37:53"
86,"{""en"": ""Hypertensive heart  disease""}","{""en"": ""Hypertensive heart  disease""}",,,6,1f682fc7-4166-41a0-8003-ac2a9c0247aa,"2021-07-07 05:37:21","2021-07-07 05:37:21"
87,"{""en"":""Obstetric Haemorrhage"",""pt"":null}","{""en"":""Obstetric Haemorrhage"",""pt"":null}",,,1,90aef760-e34a-435e-8a8f-18836758d4c8,"2022-11-02 05:53:03","2022-11-02 05:53:03"
88,"{""en"":""Maternal Abortion and Miscarriage"",""pt"":null}","{""en"":""Maternal Abortion and Miscarriage"",""pt"":null}",,,1,da6f1f88-5b05-42ba-b83c-60fe0adae239,"2022-11-02 06:04:39","2023-04-12 12:17:08"
89,"{""en"":""Hypertensive Disorders in Pregnancy"",""pt"":null}","{""en"":""Hypertensive Disorders in Pregnancy"",""pt"":null}",,,1,63d1de10-d1f0-47fe-9835-da009e45779c,"2022-11-02 06:04:49","2022-11-02 06:04:49"
90,"{""en"":""Maternal Sepsis"",""pt"":null}","{""en"":""Maternal Sepsis"",""pt"":null}",,,1,de374f15-72ef-4009-8c0b-891bf1d6b1ed,"2022-11-02 06:05:16","2022-11-02 06:05:16"
91,"{""en"":""Neonatal encephalopathy due to birth asphyxia and trauma"",""pt"":null}","{""en"":""Neonatal encephalopathy due to birth asphyxia and trauma"",""pt"":null}",,,1,792ea890-e04c-4bef-b1ae-2af7ee7c87ca,"2022-11-02 06:05:58","2022-11-02 06:05:58"
92,"{""en"":""Congenital anomalies"",""pt"":null}","{""en"":""Congenital anomalies"",""pt"":null}",,,1,cda2ed7b-c232-4b66-97bd-484d865b10f7,"2022-11-02 06:06:40","2022-11-02 06:06:40"
93,"{""en"":""Sickle cell disease (SCD)"",""pt"":null}","{""en"":""Sickle cell disease (SCD)"",""pt"":null}",,,1,aae9d389-21f0-4571-a670-866cfdadffe2,"2022-11-02 06:07:09","2022-11-02 06:07:09"
94,"{""en"":""Dietary iron deficiency"",""pt"":null}","{""en"":""Dietary iron deficiency"",""pt"":null}",,,1,311cd393-7612-40de-8771-c9df685076d0,"2022-11-02 06:09:25","2022-11-02 06:09:25"
95,"{""en"":""Road traffic Injuries"",""pt"":null}","{""en"":""Road traffic Injuries"",""pt"":null}",,,11,e9d64eee-fc01-4f04-8df9-1f5927475bf1,"2022-11-02 06:10:35","2022-11-02 06:10:35"
96,"{""en"":""Mental disorders"",""pt"":null}","{""en"":""Mental disorders"",""pt"":null}",,,7,9dc7f39c-d996-4f55-9ef3-6db3e8ee612e,"2022-11-02 06:12:34","2022-11-02 06:12:34"
97,"{""en"":""Cardiovascular diseases (CVDs)"",""pt"":null}","{""en"":""Cardiovascular diseases (CVDs)"",""pt"":null}",,,6,d162d159-4a45-45f0-b939-f5738854d573,"2022-11-02 06:13:27","2022-11-02 06:13:27"
98,"{""en"":""Cancer"",""pt"":null}","{""en"":""Cancer"",""pt"":null}",,,8,5ad77ab3-ad1e-45c6-ac43-aa4436f5579f,"2022-11-02 06:14:32","2022-11-02 06:14:32"
99,"{""en"":""Neonatal Jaundice"",""pt"":null}","{""pt"":null}",,,1,75830ee9-deda-4284-979d-169a556bca8f,"2022-11-21 12:44:04","2022-11-21 12:44:04"
100,"{""en"":""Ear Infections"",""pt"":null}","{""pt"":null}",,,10,2f8b1143-4ac0-4cdf-86ce-374ad239524b,"2022-11-22 11:12:41","2022-11-22 11:12:41"
101,"{""en"":""Vaccine Preventable Diseases"",""pt"":null}","{""pt"":null}",,,4,0992ccf1-dd72-4e5c-b9e8-e3aeabe649c1,"2022-11-22 12:21:49","2022-11-22 12:21:49"
102,"{""en"":""Surgical Emergencies"",""pt"":null}","{""pt"":null}",,,11,8cc41b48-8492-4b87-83e9-ca124927747c,"2022-11-22 12:29:13","2022-11-22 12:29:13"
103,"{""en"":""Idiopathic epilepsy"",""pt"":null}","{""pt"":null}",,,7,ce33c471-376f-44fe-9901-e2aff263d235,"2022-11-22 12:30:57","2023-02-27 17:38:46"
104,"{""en"":""Malnutrition and Micronutrient Deficiency"",""pt"":null}","{""pt"":null}",,,5,eac7c00e-3e7a-4b06-96bd-9bd23668ce6f,"2022-11-22 12:32:25","2022-11-22 12:32:25"
105,"{""en"":""Bites and Envenomation"",""pt"":null}","{""pt"":null}",,,4,006a0a33-4d79-4d49-98a9-87d4768bb5fc,"2022-11-22 12:33:44","2022-11-22 12:33:44"
106,"{""en"":""Burns"",""pt"":null}","{""pt"":null}",,,11,955f6fa6-ac8c-46a2-a884-51a033d505a4,"2022-11-22 12:34:34","2022-11-22 12:34:34"
107,"{""en"":""Renal Injury (acute renal failure)"",""pt"":null}","{""pt"":null}",,,6,28c7bb08-2b16-4f83-81e9-fd3fbf400157,"2022-11-23 19:23:14","2022-11-23 19:23:14"
108,"{""en"":""Childhood Cancers"",""pt"":null}","{""pt"":null}",,,2,17ed1dc6-c8a9-49a8-8652-017d1b23493c,"2022-11-23 19:25:05","2022-11-23 19:25:05"
109,"{""en"":""Sickle cell anemia\/disorder"",""pt"":null}","{""pt"":null}",,,1,274fd040-7f28-4c84-a179-0c0030f27565,"2022-11-23 23:28:50","2023-02-27 18:14:30"
110,"{""en"":""Ebola"",""pt"":null}","{""pt"":null}",,,3,7fd02b9b-16a3-4da9-98df-7a1065a71761,"2022-11-25 17:13:01","2022-11-25 17:13:01"
111,"{""en"":""Viral Hepatitis"",""pt"":null}","{""pt"":null}",,,3,5ea71e13-b4ee-4eac-b184-a705b7a5cff4,"2022-11-25 17:14:18","2022-11-25 17:14:18"
112,"{""en"":""Appendicitis"",""pt"":null}","{""pt"":null}",,,2,de02f179-eb2b-4e74-9563-dae97a631693,"2022-11-25 20:07:10","2022-11-25 20:07:10"
113,"{""en"":""Preventive Chemotherapy (PC) NTDs"",""pt"":null}","{""pt"":null}",,,4,e066ebb2-6972-4612-900c-a4e479205f27,"2022-11-25 20:07:54","2023-02-27 16:02:29"
114,"{""en"":""Drug Use Disorders"",""pt"":null}","{""pt"":null}",,,7,1af8e564-1c7c-4e24-94f2-0769d96331fd,"2022-11-26 12:05:32","2022-11-26 12:05:32"
115,"{""en"":""Alcohol Use Disorders"",""pt"":null}","{""pt"":null}",,,7,eebf850b-5647-465d-9b5c-2bec7fae7afb,"2022-11-26 12:06:00","2022-11-26 12:06:00"
116,"{""en"":""Emotional Disorders"",""pt"":null}","{""pt"":null}",,,7,1a3d95f4-8c3c-496d-9213-7d2e78be948a,"2022-11-26 12:06:18","2022-11-26 12:06:18"
117,"{""en"":""Drowning"",""pt"":null}","{""pt"":null}",,,11,12f6abb7-0dc0-42eb-b767-1eb22210b43f,"2022-11-26 12:06:44","2022-11-26 12:06:44"
118,"{""en"":""Poisoning"",""pt"":null}","{""pt"":null}",,,11,7b87f4e0-568d-4f84-9ac7-6ff35767965b,"2022-11-26 14:18:03","2022-11-26 14:18:03"
119,"{""en"":""Road traffic Injuries"",""pt"":null}","{""pt"":null}",,,11,5a9e36db-4a3e-4323-98e0-f22e0d3ebd31,"2022-11-26 14:19:50","2023-02-27 10:10:49"
120,"{""en"":""Overweight and Obesity"",""pt"":null}","{""pt"":null}",,,6,b51f8488-159b-4919-bcf4-6e9d68194416,"2022-11-26 14:21:31","2022-11-26 14:21:31"
121,"{""en"":""Maternal haemorrage"",""pt"":null}","{""pt"":null}",,,1,efa0228d-e761-4e64-89a7-e6f82f341900,"2022-11-26 14:25:28","2022-11-26 14:25:28"
122,"{""en"":""Female Genital Mutilation (FGM)"",""pt"":null}","{""pt"":null}",,,1,db39d39b-b48c-44f8-b0d0-ff71b567f5c7,"2022-11-26 14:26:23","2022-11-26 14:26:23"
123,"{""en"":""Gender Based Violence (GBV)"",""pt"":null}","{""pt"":null}",,,1,30e96f8e-afd3-4c02-8871-e3ea88746aa4,"2022-11-26 14:27:29","2022-11-26 14:27:29"
124,"{""en"":""Menopause"",""pt"":null}","{""pt"":null}",,,1,e80b5892-aecf-4a7e-80c7-6f60b0569a4d,"2022-11-26 14:28:24","2023-02-27 16:51:13"
125,"{""en"":""Family planning"",""pt"":null}","{""pt"":null}",,,1,7ff1c551-4322-447e-b733-d470215dfc48,"2022-11-26 14:29:27","2022-11-26 14:29:27"
126,"{""en"":""Scabies and other skin disorders"",""pt"":null}","{""pt"":null}",,,2,53838f60-81cf-48c5-8a32-6f1da4c7a32d,"2022-11-26 14:30:27","2022-11-26 14:30:27"
127,"{""en"":""Oral Conditions"",""pt"":null}","{""pt"":null}",,,9,30194072-0448-48d8-8a16-f9f1e45298a4,"2022-11-26 14:31:58","2022-11-26 14:32:41"
128,"{""en"":""Infertility"",""pt"":null}","{""pt"":null}",,,1,3f30e3c4-998a-400e-86bd-021fd9bca11e,"2022-12-06 18:00:11","2022-12-06 18:00:11"
129,"{""en"":""Headache Disorders"",""pt"":null}","{""pt"":null}",,,7,4b242f5b-03ff-4d68-b82a-00824ea5b17a,"2022-12-06 18:01:03","2022-12-06 18:01:03"
130,"{""en"":""Low back pain"",""pt"":null}","{""pt"":null}",,,6,29b9ad82-de23-4790-9137-d188ebb52d6b,"2022-12-06 18:02:09","2023-02-27 18:48:51"
131,"{""en"":""Prolonged and Obstructed Labor including Obstetric Fistula"",""pt"":null}","{""en"":""Prolonged and Obstructed Labor including Obstetric Fistula"",""pt"":null}",,,1,863a6bc9-4a27-437d-8304-52f0f5816349,"2022-12-06 18:02:56","2023-04-12 12:20:09"
132,"{""en"":""Chronic Liver Disease(Cirrhosis)"",""pt"":null}","{""pt"":null}",,,6,12d4b5ab-1ea5-4912-b7a8-5a641f34addc,"2022-12-06 18:05:09","2023-01-17 13:51:03"
133,"{""en"":""Gastrointestinal diseases including pancreatitis"",""pt"":null}","{""pt"":null}",,,6,80aa4fea-33e6-411a-829b-24a095382402,"2022-12-06 18:35:19","2022-12-06 18:35:19"
134,"{""en"":""Interpersonal Violence"",""pt"":null}","{""pt"":null}",,,7,4652b0ee-4db5-414b-aedd-579f533a1664,"2022-12-07 18:33:16","2022-12-07 18:33:16"
135,"{""en"":""Depression"",""pt"":null}","{""pt"":null}",,,7,48b301e4-961c-4074-9432-953770e529a6,"2022-12-07 19:34:28","2022-12-07 19:34:28"
136,"{""en"":""Anxiety Disorders"",""pt"":null}","{""pt"":null}",,,7,e5ea974b-8a8f-454f-86d9-b213016ee028,"2022-12-07 19:35:02","2022-12-07 19:35:02"
137,"{""en"":""Bipolar Disorders"",""pt"":null}","{""pt"":null}",,,7,c4255480-77b5-4bb1-80fa-13d3a5f49af3,"2022-12-07 19:35:34","2022-12-07 19:35:34"
138,"{""en"":""Psychosis"",""pt"":null}","{""pt"":null}",,,7,dcf7683c-f20b-498e-8bfd-1b5db80fef43,"2022-12-07 19:36:16","2022-12-07 19:36:16"
139,"{""en"":""Prostate Cancer"",""pt"":null}","{""en"":""Prostate cancer is one of the most common cancers in men. If detected early it is amenable to treatment."",""pt"":null}",,,8,e6107f49-1f47-4bab-b1ef-aa763436be65,"2022-12-09 10:55:23","2023-02-28 18:38:28"
140,"{""en"":""Intracerebral Haemorrage"",""pt"":null}","{""en"":""Intracerebral Haemorrage"",""pt"":null}",,,11,fb1f3c79-2f49-4b2b-9abb-cc1767806007,"2023-03-12 13:57:28","2023-03-12 13:57:28"
141,"{""en"":""Chronic Kidney Disease"",""pt"":null}","{""en"":""Chronic Kidney Disease"",""pt"":null}",,,6,317ea1dd-688b-4ba4-a97b-304e57378213,"2023-03-12 15:12:58","2023-03-12 15:12:58"
142,"{""en"":""Age related hearing losd"",""pt"":null}","{""en"":""Age related hearing loss"",""pt"":null}",,,6,1983a042-f3cb-468c-bcb1-e715da7f7a76,"2023-03-12 16:49:06","2023-03-12 16:49:06"
143,"{""en"":""Falls"",""pt"":null}","{""en"":""Falls"",""pt"":null}",,,11,31bf1b93-1d46-4691-8bfa-e6598a310727,"2023-03-13 20:45:11","2023-03-13 20:45:11"
144,"{""en"":""Thyroid Disorders"",""pt"":null}","{""en"":""Thyroid"",""pt"":null}",,,6,045540ce-6c89-4f48-b90a-d40512143c14,"2023-03-15 20:04:31","2023-03-15 20:04:31"
145,"{""en"":""Cataract"",""pt"":null}","{""en"":""Cataract"",""pt"":null}",,,6,14f35d44-638a-4ddf-bf24-17a76a2f297b,"2023-03-15 20:05:25","2023-03-15 20:05:25"
146,"{""en"":""Schizophrenia"",""pt"":null}","{""en"":""Schizophrenia"",""pt"":null}",,,7,09cebdcf-2a5a-49ce-869e-45330fdbe1da,"2023-03-21 18:05:33","2023-03-21 18:05:33"
147,"{""en"":""Acne Vulgaris"",""pt"":null}","{""en"":""Acne Vulgaris"",""pt"":null}",,,6,85dedc77-5299-4829-bd38-50772918762e,"2023-03-24 15:55:29","2023-03-24 15:55:29"
148,"{""en"":""Typhoid Fever"",""pt"":null}","{""en"":""Typhoid"",""pt"":null}",,,4,27141321-d3e4-46ea-b977-dbe3b5b09300,"2023-03-24 19:58:40","2023-03-24 19:58:40"
149,"{""en"":""Premenstrual Syndrome"",""pt"":null}","{""en"":""Premenstrual Syndrome"",""pt"":null}",,,1,56c63b16-fe06-4a1b-99fd-502485b52599,"2023-03-24 20:43:15","2023-03-24 20:43:15"
150,"{""en"":""Invasive non-typhoid Salmonella (iNTS)"",""pt"":null}","{""en"":""Invasive non-typhoid Salmonella (iNTS)"",""pt"":null}",,,4,45942df0-217e-44cd-b0cd-e712a3ca862b,"2023-03-27 14:33:20","2023-03-27 14:33:20"
151,"{""en"":""Persistent depressive disorders (Dysthymia)"",""pt"":null}","{""en"":""Persistent depressive disorders (Dysthymia)"",""pt"":null}",,,7,3c2f6e3b-0cdb-42fc-8182-96c3bf3d2e49,"2023-03-27 15:49:23","2023-03-27 15:49:23"
152,"{""en"":""Viral Skin Diseases"",""pt"":null}","{""en"":""Viral Skin Diseases e.g. Molluscum contagiosum, chickenpox, herpes"",""pt"":null}",,,4,d4c61e03-0f66-408f-b09d-d2eafd33a5e8,"2023-03-30 17:07:01","2023-03-30 17:07:01"
153,"{""en"":""Fungal Skin Diseases"",""pt"":null}","{""en"":""Fungal Skin Diseases"",""pt"":null}",,,4,3bcd4ee8-ca89-41e2-a674-1f631aedc09e,"2023-03-30 19:09:41","2023-03-30 19:09:41"
154,"{""en"":""Atopic Dermatitis"",""pt"":null}","{""en"":""Atopic Dermatitis"",""pt"":null}",,,2,5eae5bbe-3f2a-4520-80e5-dc0eea88c67d,"2023-03-30 19:10:12","2023-03-30 19:10:12"
155,"{""en"":""Acute Respiratory Infections"",""pt"":null}","{""en"":""Acute Respiratory Infections"",""pt"":null}",,,10,47816016-df7c-4a20-b466-f5e37632859f,"2023-03-30 19:11:40","2023-03-30 19:11:40"
156,"{""en"":""Brain and Central Nervous System (CNS) Cancer"",""pt"":null}","{""en"":""Brain and Central Nervous System (CNS) Cancer"",""pt"":null}",,,8,77256965-1d0c-4cc4-8c89-02427debe916,"2023-03-30 19:17:30","2023-03-30 19:17:30"
157,"{""en"":""Fire, heat, and hot substances injuries"",""pt"":null}","{""en"":""Hazards due to Fire, heat, and hot substances"",""pt"":null}",,,11,f89ff3c6-3748-47bb-8e0a-643898206864,"2023-03-31 12:09:49","2023-03-31 12:09:49"
158,"{""en"":""Neonatal Preterm Birth"",""pt"":null}","{""en"":""Neonatal Preterm Birth"",""pt"":null}",,,1,578094a8-2b16-49bc-bf07-7c1675762363,"2023-04-17 16:04:02","2023-04-17 16:04:02"
159,"{""en"":""Neural Tubal Defect"",""pt"":null}","{""en"":""Neural Tubal Defect"",""pt"":null}",,,1,6cec343e-e1f5-4053-b6a8-a417c0c8cdef,"2023-04-19 13:39:32","2023-04-19 13:39:32"
160,"{""en"":""Digestive congenital anomalies (Oesophageal Atresia\/Tracheo-Oesophageal Fistula)"",""pt"":null}","{""en"":""Digestive congenital anomalies (Oesophageal Atresia\/Tracheo-Oesophageal Fistula)"",""pt"":null}",,,1,46e62639-bce3-491f-8569-fca8e8075f4d,"2023-04-19 13:58:30","2023-04-19 13:58:30"
161,"{""en"":""Neonatal Tetenaus"",""pt"":null}","{""en"":""Neonatal Tetenaus"",""pt"":null}",,,1,62617e60-408f-4302-a53f-ea0c1b1a14e1,"2023-04-19 13:59:27","2023-04-19 13:59:27"
162,"{""en"":""Congenital musculoskeletal and limb anomalies"",""pt"":null}","{""en"":""Congenital musculoskeletal and limb anomalies"",""pt"":null}",,,1,e232487a-861b-4091-9423-a118c997bc22,"2023-04-19 14:08:35","2023-04-19 14:08:35"
163,"{""en"":""Congenital urogenital anomalies"",""pt"":null}","{""en"":""Congenital urogenital anomalies"",""pt"":null}",,,1,79cbc37a-360a-45ad-a6b7-6ddc6a809594,"2023-04-19 14:18:08","2023-04-19 14:18:08"
164,"{""en"":""Paralytic ileus and intestinal obstruction"",""pt"":null}","{""en"":""Paralytic ileus and intestinal obstruction"",""pt"":null}",,,1,adb73022-8b31-4b22-87b7-a051795f808c,"2023-04-19 14:18:55","2023-04-19 14:18:55"
165,"{""en"":""Down Syndrome"",""pt"":null}","{""en"":""Down Syndrome"",""pt"":null}",,,1,96e3660a-f8cf-4667-995b-5d18c4d85c51,"2023-04-19 14:19:34","2023-04-19 14:19:34"
166,"{""en"":""Sudden infant death syndrome"",""pt"":null}","{""en"":""Sudden infant death syndrome"",""pt"":null}",,,1,bfddbc1b-1036-4fde-b1c3-6b099ccd5909,"2023-04-19 14:20:27","2023-04-19 14:20:27"
167,"{""en"":""Adverse effects of medical treatment"",""pt"":null}","{""en"":""Adverse effects of medical treatment"",""pt"":null}",,,1,0caf9393-d766-4840-921e-061c81bae1b5,"2023-05-03 15:25:19","2023-05-03 15:25:19"
