id,details,created_at,updated_at,uuid,level_of_care_id,public_health_function_id,condition_id,age_cohort_id
1,<div>* Education to pregnant women and families on Meningitis including prevention measures <br />* Promoting good nutrition /create awareness on good nutrition for pregnant women <br />* Education on good hygiene practice including hand hygiene among pregnant women to prevent meningitis <br />* Create awareness among pregnant women on <br />  - Information on ANC attendance <br />  - Information on the importance of immunization for children <br />  - Information/creation of awareness on healthy living<br />* Sensitize community health workers on meningitis in pregnant women including recognition of the signs and symptoms </div>,2020-12-11 05:09:06,2020-12-11 05:18:07,2ca4a7c7-f7bb-418f-a063-21c3a85c1ab4,1,1,1,1
2,<div>* Proper hygiene / handwashing among pregnant women to prevent meningitis <br />* Pregnant women to keep away from people who have meningitis.</div>,2020-12-11 05:22:46,2020-12-11 05:22:46,38d92039-aacb-49b1-9992-19af7c271a02,1,2,1,1
3,"<div>* Recognition of signs of meningitis in pregnant women such as neck stiffness , neck and /or back pain; and fever<br />* Urgent referral /transfer to a health facility of pregnant women suspected to have meningitis<br />* Supportive therapy for pregnant women suspected to have meningitis if urgent transfer is not feasible <br />  - Relieve the fever through administration of medication for fever<br />  - Medication for pain <br />  - Encourage fluid intake <br />   - Bed rest </div>",2020-12-11 05:28:35,2020-12-11 05:28:35,fc31684a-688f-4714-b1cb-3c9ff338f03b,1,3,1,1
4,<div>Psychosocial  by families and communities support for pregnant women with meningitis and who may develop meningitis complications.<br /><br />Psychosocial support and counselling for mothers  who  may experience complication s of meningitis including poor foetal outcomes such as loss of the baby (through miscarriage; still births; ); preterm babies; underweight babies </div>,2020-12-11 05:32:54,2020-12-11 05:32:54,cb032306-7871-4e1d-a1dd-b808a77c8625,1,5,1,1
5,<div>* Create awareness to   families and communities   on meningitis and prevention measures among children under 5 years of age<br />* Information to the families and communities  on the importance of immunization for children <br />* Awareness on good nutrition for children<br />* Awareness creation to families on hygiene for children<br />* Provision of IEC materials to communities <br />* Community health workers education /sensitization on meningitis and prevention measures </div>,2020-12-11 05:34:22,2020-12-11 05:34:22,d71685fa-e02b-42e9-90b0-18e7b8ce6bbb,1,1,1,2
6,<div>* Vaccination for children under 5 years of age to prevent meningitis <br />  - H. influenzae type b vaccine (Hib).<br />  - Pneumococcal vaccine.  <br />  - Meningococcal vaccine.  <br />  - MMR (Measles -mumps -Rubella vaccine);   to prevent viral meningitis                                               <br />* Proper hygiene / handwashing  for children under 5 years of age to prevent meningitis <br />* Keep the children under 5 years of age away from people who have meningitis.</div>,2020-12-11 05:36:33,2020-12-11 06:44:30,bd0895af-9d50-4b54-8b60-6bf26a6f499f,1,2,1,2
7,"<div>* Recognition of danger signs of meningitis  in infants which include, arching of the back; bulging of fontanelle (the soft spot on the infants head); fever; irritability. <br />* Recognition of danger signs of meningitis in children older than 1 year which include, neck stiffness; neck and /or back pain;  fever; seizures<br />*  Urgent referral /transfer to a health facility of under 5s  suspected to have meningitis<br />* Supportive therapy for under 5s suspected to have meningitis if   immediate referral  to a health facility is not possible. This includes:. <br />  - Give oral fluids<br />  - Proper feeding for the under 5s with meningitis <br />  - Manage fever e.g. through sponging or use of medicines for reducing fever such as paracetamol <br />  - Relieve pain through use of medicines for reducing pain (analgesics)  in under 5s with meningitis </div>",2020-12-11 06:04:09,2020-12-11 06:44:07,2e87a3c6-689a-428a-b703-7df08c3b6df9,1,3,1,2
8,<div>* Rehabilitation and follow up of children under 5 years of age with meningitis complications at community level once they are referred down wards from the health facilities     <br />* <strong>Physical therapy </strong>to improve motor coordination and mobility<br />* <strong>Occupational therapy</strong> to develop everyday skills  </div>,2020-12-11 06:43:50,2020-12-11 06:43:50,9653dec5-e727-443d-8ba4-98440aaec352,1,4,1,2
9,"<div>* Create awareness to families, communities   and schools on Meningitis and prevention measures among primary school age children <br />* Provide information/creation of awareness on healthy living for primary school age children <br />* Awareness on good nutrition for primary school age children <br />* Provision of IEC materials through schools<br />* Promote good hygiene practices including hand hygiene  for primary school age children  <br />* Community health workers education /sensitization on meningitis; recognition of meningitis features  and prevention measures for children </div>",2020-12-11 09:51:58,2020-12-11 09:51:58,44d5e0e8-e8ee-47ba-a914-b814b4dea0c0,1,1,1,3
10,<div>* 	Proper hygiene / handwashing  <br />* 	Keeping away from people who have meningitis<br />* 	Vaccination -Meningococcal vaccine.  </div>,2020-12-11 09:52:50,2020-12-11 09:52:50,73ea8fc2-4834-498a-be50-2854c8d32175,1,2,1,3
11,"<div>* 	Recognition of danger signs of meningitis  in primary school age  children which include, neck stiffness; back pain; fever;  <br />* 	Urgent referral of primary school age children suspected to have meningitis<br />* 	supportive therapy for school age children suspected to have meningitis if immediate referral to a health facility  is not possible i.e. <br />  - Give fluids<br />  - Proper feeding <br />  - Relieve fever through tepid sponging; give antipyretics like paracetamol  <br />  - Relieve pain through giving analgesics such as paracetamol </div>",2020-12-11 09:54:36,2020-12-11 09:54:36,c6514f1f-8f18-470b-bba8-0dfbe3c1e27f,1,3,1,3
12,<div>* 	Rehabilitation and follow up of patients at community level once they are referred back from health facilities     <br />* 	Physical therapy to improve motor coordination and mobility<br />* 	Occupational therapy to develop everyday skills  </div>,2020-12-11 11:32:12,2020-12-11 11:32:12,5c80ea00-c93e-48ba-9fc3-b2fa923507f3,1,4,1,3
13,<div>Psychosocial support and Counselling for the children with meningitis complications and their families </div>,2020-12-12 08:43:21,2020-12-12 08:43:21,158aa075-34ce-4045-8ad9-cc4341ef4d92,1,5,1,3
14,<div>* Create awareness to adolescents and their   families    on meningitis and prevention measures<br />* Information/creation of awareness on healthy living among the adolescents <br />* Awareness on good nutrition for the adolescents <br />* Provision of IEC materials <br />* Promote good hygiene practices including hand hygiene  for the adolescents </div>,2020-12-12 08:44:57,2020-12-12 08:44:57,b8275d99-5368-4646-89c6-6816f9722842,1,1,1,4
15,"<div>* Practice good hygiene practices including   ‘cough, sneezing etiquette <br />* Hand washing with soap and water <br />* Limit contact with persons with meningitis </div>",2020-12-12 08:45:38,2020-12-12 08:45:38,8e274c7f-7292-4d27-b545-71448123a414,1,2,1,4
16,<div>* Recognition of danger signs of meningitis  in adolescents  which include   neck stiffness; neck and/or back pain; fever; <br />* Urgent referral /transfer to a health facility of adolescents suspected to have meningitis<br />* Supportive therapy of adolescent suspected to have meningitis if immediate referral is not possible i.e. <br />  - Give fluids<br />  - Proper feeding <br />  - Manage fever with antipyretics </div>,2020-12-12 09:10:40,2020-12-12 09:10:40,17aa96d1-815b-4691-a3bd-31f85ae8ca8d,1,3,1,4
17,<div>Physiotherapy services for adolescents with meningitis complications who may be referred back to communities from health facilities </div>,2020-12-12 09:12:06,2020-12-12 09:12:06,d0d9d6e0-1e7d-4d58-b0f4-2971012e671e,1,4,1,4
18,<div>Psychosocial support </div>,2020-12-12 09:12:30,2020-12-12 09:12:30,4d42f00b-cd44-44ee-944b-d7db66af6fe8,1,5,1,4
19,<div>* Create awareness among adults on  meningitis and prevention measures<br />*  Information/creation of awareness on healthy living for adults<br />* Awareness on good nutrition for adults<br />* Provision of IEC materials <br />* Promote good hygiene practices including hand hygiene  for adults<br />* Community health workers education on meningitis including recognition of its features in adults and prevention measures</div>,2020-12-12 09:13:18,2020-12-12 09:13:18,894ac7c3-16be-41fd-bee5-44f074da7580,1,1,1,5
20,"<div>* Practice good hygiene practices including   ‘cough, sneezing etiquette <br />* Hand washing with soap and water <br />* Limit contact with persons with meningitis </div>",2020-12-12 09:21:11,2020-12-12 09:21:11,930c5973-6991-4641-8b8b-9cd0abcbfe2c,1,2,1,5
21,"<div>* Recognition of danger signs of meningitis  in the elderly which include, stiff neck, headache, neck and/or back pain; fever;   <br />*  <strong>Urgent referral/ transfer of adults suspected to have meningitis to a health facility </strong> </div><div>* Supportive therapy to an elderly person if immediate referral   is not possible i.e. <br />  - Give fluids<br />  - Proper feeding <br />  - Manage fever with medicine for fever such as paracetamol   </div>",2020-12-12 09:22:23,2020-12-12 09:31:16,dc573312-68ea-4bab-894e-2f69486bc19c,1,3,1,5
22,<div> Physiotherapy services for adults with meningitis complications who may be referred back to communities from health facilities </div>,2020-12-13 12:42:07,2020-12-13 12:42:07,8ff58db4-f8a0-45e3-94b1-07366a8582aa,1,4,1,5
23,<div> Psychosocial support </div>,2020-12-13 12:42:30,2020-12-13 12:42:30,60961e90-8537-4387-9383-13f0e6da4fc2,1,5,1,5
24,"<pre>* Create awareness to the elderly persons; their  families and communities   on meningitis and prevention measures
*  Information/creation of awareness on healthy living for the elderly
* Awareness on good nutrition
* Provision of IEC materials
* Promote good hygiene practices including hand hygiene  for the elderly
* Community health workers sensitization on meningitis including recognition of meningitis features among the elderly </pre><div><br /></div>",2020-12-13 12:46:29,2020-12-13 12:46:29,7bffc323-b0ea-4e37-8076-534608b172bd,1,1,1,6
25,"<pre>* Practice good hygiene practices including cough, sneezing etiquette
* Hand washing with soap and water
* Limit the elderly contact with persons with meningitis </pre><div><br /></div>",2020-12-13 12:50:00,2020-12-13 12:50:00,915246d7-cb42-4fe0-bf60-613e534b3b73,1,2,1,6
26,"<pre>* Recognition of danger signs of meningitis  in the elderly which include, stiff neck, headache, neck and/or back pain; fever;
* Urgent referral of elderly persons suspected to have meningitis to a health facility
* Supportive therapy to an elderly person if immediate referral   is not possible i.e.
  - Give fluids
  - Proper feeding
  - Manage fever with medicine for fever such as paracetamol   </pre><div><br /></div>",2020-12-13 12:51:07,2020-12-13 12:51:07,2d7f7622-8bb8-4c4d-9a65-2249fb7487ff,1,3,1,6
27,<div>Physiotherapy services for the elderly persons with meningitis complications who may be referred back to communities from health facilities</div>,2020-12-13 12:51:38,2020-12-13 12:51:38,c1f30913-0309-468c-9563-8afe8a06e409,1,4,1,6
28,<div>* Psychosocial support </div><div>* Counselling </div>,2020-12-13 12:52:14,2020-12-13 12:52:14,01af480d-6dc2-4d99-9f5c-bf09045376f3,1,5,1,6
